"Adair","mo_cms_counties","","plain_text","0"
"Andrew","mo_cms_counties","","plain_text","0"
"Atchison","mo_cms_counties","","plain_text","0"
"Audrain","mo_cms_counties","","plain_text","0"
"Barry","mo_cms_counties","","plain_text","0"
"Barton","mo_cms_counties","","plain_text","0"
"Bates","mo_cms_counties","","plain_text","0"
"Benton","mo_cms_counties","","plain_text","0"
"Bollinger","mo_cms_counties","","plain_text","0"
"Boone","mo_cms_counties","","plain_text","0"
"Buchanan","mo_cms_counties","","plain_text","0"
"Butler","mo_cms_counties","","plain_text","0"
"Caldwell","mo_cms_counties","","plain_text","0"
"Callaway","mo_cms_counties","","plain_text","0"
"Camden","mo_cms_counties","","plain_text","0"
"Cape Girardeau","mo_cms_counties","","plain_text","0"
"Carroll","mo_cms_counties","","plain_text","0"
"Carter","mo_cms_counties","","plain_text","0"
"Cass","mo_cms_counties","","plain_text","0"
"Cedar","mo_cms_counties","","plain_text","0"
"Chariton","mo_cms_counties","","plain_text","0"
"Christian","mo_cms_counties","","plain_text","0"
"Clark","mo_cms_counties","","plain_text","0"
"Clay","mo_cms_counties","","plain_text","0"
"Clinton","mo_cms_counties","","plain_text","0"
"Cole","mo_cms_counties","","plain_text","0"
"Cooper","mo_cms_counties","","plain_text","0"
"Crawford","mo_cms_counties","","plain_text","0"
"Dade","mo_cms_counties","","plain_text","0"
"Dallas","mo_cms_counties","","plain_text","0"
"Daviess","mo_cms_counties","","plain_text","0"
"DeKalb","mo_cms_counties","","plain_text","0"
"Dent","mo_cms_counties","","plain_text","0"
"Douglas","mo_cms_counties","","plain_text","0"
"Dunklin","mo_cms_counties","","plain_text","0"
"Franklin","mo_cms_counties","","plain_text","0"
"Gasconade","mo_cms_counties","","plain_text","0"
"Gentry","mo_cms_counties","","plain_text","0"
"Greene","mo_cms_counties","","plain_text","0"
"Grundy","mo_cms_counties","","plain_text","0"
"Harrison","mo_cms_counties","","plain_text","0"
"Henry","mo_cms_counties","","plain_text","0"
"Hickory","mo_cms_counties","","plain_text","0"
"Holt","mo_cms_counties","","plain_text","0"
"Howard","mo_cms_counties","","plain_text","0"
"Howell","mo_cms_counties","","plain_text","0"
"Iron","mo_cms_counties","","plain_text","0"
"Jackson","mo_cms_counties","","plain_text","0"
"Jasper","mo_cms_counties","","plain_text","0"
"Jefferson","mo_cms_counties","","plain_text","0"
"Johnson","mo_cms_counties","","plain_text","0"
"Knox","mo_cms_counties","","plain_text","0"
"Laclede","mo_cms_counties","","plain_text","0"
"Lafayette","mo_cms_counties","","plain_text","0"
"Lawrence","mo_cms_counties","","plain_text","0"
"Lewis","mo_cms_counties","","plain_text","0"
"Lincoln","mo_cms_counties","","plain_text","0"
"Linn","mo_cms_counties","","plain_text","0"
"Livingston","mo_cms_counties","","plain_text","0"
"Macon","mo_cms_counties","","plain_text","0"
"Madison","mo_cms_counties","","plain_text","0"
"Maries","mo_cms_counties","","plain_text","0"
"Marion","mo_cms_counties","","plain_text","0"
"McDonald","mo_cms_counties","","plain_text","0"
"Mercer","mo_cms_counties","","plain_text","0"
"Miller","mo_cms_counties","","plain_text","0"
"Mississippi","mo_cms_counties","","plain_text","0"
"Moniteau","mo_cms_counties","","plain_text","0"
"Monroe","mo_cms_counties","","plain_text","0"
"Montgomery","mo_cms_counties","","plain_text","0"
"Morgan","mo_cms_counties","","plain_text","0"
"New Madrid","mo_cms_counties","","plain_text","0"
"Newton","mo_cms_counties","","plain_text","0"
"Nodaway","mo_cms_counties","","plain_text","0"
"Oregon","mo_cms_counties","","plain_text","0"
"Osage","mo_cms_counties","","plain_text","0"
"Ozark","mo_cms_counties","","plain_text","0"
"Pemiscot","mo_cms_counties","","plain_text","0"
"Perry","mo_cms_counties","","plain_text","0"
"Pettis","mo_cms_counties","","plain_text","0"
"Phelps","mo_cms_counties","","plain_text","0"
"Pike","mo_cms_counties","","plain_text","0"
"Platte","mo_cms_counties","","plain_text","0"
"Polk","mo_cms_counties","","plain_text","0"
"Pulaski","mo_cms_counties","","plain_text","0"
"Putnam","mo_cms_counties","","plain_text","0"
"Ralls","mo_cms_counties","","plain_text","0"
"Randolph","mo_cms_counties","","plain_text","0"
"Ray","mo_cms_counties","","plain_text","0"
"Reynolds","mo_cms_counties","","plain_text","0"
"Ripley","mo_cms_counties","","plain_text","0"
"Saline","mo_cms_counties","","plain_text","0"
"Schuyler","mo_cms_counties","","plain_text","0"
"Scotland","mo_cms_counties","","plain_text","0"
"Scott","mo_cms_counties","","plain_text","0"
"Shannon","mo_cms_counties","","plain_text","0"
"Shelby","mo_cms_counties","","plain_text","0"
"St. Charles","mo_cms_counties","","plain_text","0"
"St. Clair","mo_cms_counties","","plain_text","0"
"St. Francois","mo_cms_counties","","plain_text","0"
"St. Louis (county)","mo_cms_counties","","plain_text","0"
"Ste. Genevieve","mo_cms_counties","","plain_text","0"
"Stoddard","mo_cms_counties","","plain_text","0"
"Stone","mo_cms_counties","","plain_text","0"
"Sullivan","mo_cms_counties","","plain_text","0"
"Taney","mo_cms_counties","","plain_text","0"
"Texas","mo_cms_counties","","plain_text","0"
"Vernon","mo_cms_counties","","plain_text","0"
"Warren","mo_cms_counties","","plain_text","0"
"Washington","mo_cms_counties","","plain_text","0"
"Wayne","mo_cms_counties","","plain_text","0"
"Webster","mo_cms_counties","","plain_text","0"
"Worth","mo_cms_counties","","plain_text","0"
"Wright","mo_cms_counties","","plain_text","0"
