"Baghdad, Iraq","mo_cms_out_of_state_locations","<p>Baghdad, Iraq</p>\r\n","full_html","0","Baghdad","Iraq"
"Bagram Air Base, Afghanistan","mo_cms_out_of_state_locations","","full_html","0","Bagram Air Base","Afghanistan"
"Beijing","mo_cms_out_of_state_locations","","full_html","0","",""
"Chicago","mo_cms_out_of_state_locations","","full_html","0","",""
"Colleville-Sur-Mer, France","mo_cms_out_of_state_locations","","full_html","0","Colleville-Sur-Mer","France"
"Contingency Operating Base Basra, Iraq","mo_cms_out_of_state_locations","<p>Contingency Operating Base Basra, Iraq</p>\r\n","full_html","0","Contingency Operating Base Basra","Iraq"
"Detroit, MI","mo_cms_out_of_state_locations","","full_html","0","Detroit","Mich."
"Groton, CT","mo_cms_out_of_state_locations","<p>Groton, CT</p>\r\n","full_html","0","Groton","CT"
"Hebei Province, China","mo_cms_out_of_state_locations","","full_html","0","Hebei Province","China"
"Kabul, Afghanistan","mo_cms_out_of_state_locations","","full_html","0","Kabul","Afghanistan"
"Kansas City, KS","mo_cms_out_of_state_locations","","full_html","0","Kansas City","KS"
"Kuwait","mo_cms_out_of_state_locations","","full_html","0","",""
"Lake Of The Ozarks State Park","mo_cms_out_of_state_locations","<p>Lake Of The Ozarks State Park</p>\r\n","full_html","0","Lake Of The Ozarks State Park",""
"Landstuhl, Germany","mo_cms_out_of_state_locations","","full_html","0","Landstuhl","Germany"
"Le Bourget, France","mo_cms_out_of_state_locations","","full_html","0","Le Bourget","France"
"Nangarhar Province, Afghanistan","mo_cms_out_of_state_locations","","full_html","0","Nangarhar Province","Afghanistan"
"New York","mo_cms_out_of_state_locations","","full_html","0","",""
"Omaha, NE","mo_cms_out_of_state_locations","","full_html","0","Omaha","Neb."
"Roaring River State Park","mo_cms_out_of_state_locations","<p>Roaring River State Park</p>\r\n","full_html","0","Roaring River State Park",""
"São Paulo, Brazil","mo_cms_out_of_state_locations","<p>ã</p>\r\n","full_html","0","São Paulo","Brazil"
"Seoul, Republic of Korea","mo_cms_out_of_state_locations","","full_html","0","Seoul","Republic of Korea"
"Traverse City, MI","mo_cms_out_of_state_locations","","full_html","0","Traverse City","Mich."
"Washington, D.C.","mo_cms_out_of_state_locations","<p>﻿</p>\r\n\r\n<p>Washington, D.C.</p>\r\n","full_html","0","Washington","D.C."
"Zhejiang Province, China","mo_cms_out_of_state_locations","","full_html","0","Zhejiang Province","China"
